# Gaussian (area 12, center 7, sigma 0.8) + Lorentzian (area 8, center 12.5, sigma 0.6) + 0.05 x + 1
x,y
0,1.00985
0.0501253,1.03624
0.100251,0.992996
0.150376,0.946266
0.200501,0.983727
0.250627,0.943358
0.300752,1.03009
0.350877,1.13509
0.401003,0.991085
0.451128,0.983417
0.501253,1.07484
0.551378,1.06679
0.601504,1.04927
0.651629,0.969
0.701754,1.0437
0.75188,1.10426
0.802005,0.943699
0.85213,1.01723
0.902256,0.904344
0.952381,0.955883
1.00251,0.914313
1.05263,1.04545
1.10276,0.965472
1.15288,1.09118
1.20301,1.08463
1.25313,1.05975
1.30326,0.875975
1.35338,1.03684
1.40351,1.07867
1.45363,1.09423
1.50376,0.965375
1.55388,1.05219
1.60401,1.01475
1.65414,1.03095
1.70426,1.18315
1.75439,1.03631
1.80451,1.10094
1.85464,1.17692
1.90476,1.06212
1.95489,1.1025
2.00501,1.12291
2.05514,1.12182
2.10526,1.02135
2.15539,1.12809
2.20551,1.23335
2.25564,1.00352
2.30576,1.19869
2.35589,1.14214
2.40602,1.08393
2.45614,1.29793
2.50627,1.20154
2.55639,1.04727
2.60652,1.15184
2.65664,1.19468
2.70677,1.13611
2.75689,1.20852
2.80702,1.15124
2.85714,1.21261
2.90727,1.277
2.95739,1.11055
3.00752,1.18354
3.05764,1.13292
3.10777,1.18286
3.15789,1.08041
3.20802,1.13176
3.25815,1.16513
3.30827,1.25546
3.3584,1.27793
3.40852,1.0832
3.45865,1.1283
3.50877,1.24644
3.5589,1.03815
3.60902,1.16339
3.65915,1.19561
3.70927,1.30697
3.7594,1.26466
3.80952,1.18654
3.85965,1.18656
3.90977,1.19952
3.9599,1.3451
4.01003,1.19289
4.06015,1.20705
4.11028,1.2641
4.1604,1.23121
4.21053,1.23057
4.26065,1.16331
4.31078,1.25833
4.3609,1.23143
4.41103,1.36889
4.46115,1.33772
4.51128,1.29481
4.5614,1.3631
4.61153,1.29721
4.66165,1.4255
4.71178,1.36031
4.7619,1.42966
4.81203,1.30517
4.86216,1.46526
4.91228,1.33562
4.96241,1.34554
5.01253,1.52674
5.06266,1.52739
5.11278,1.6669
5.16291,1.89439
5.21303,1.7165
5.26316,1.80909
5.31328,1.95967
5.36341,2.07569
5.41353,2.12439
5.46366,2.23392
5.51378,2.42848
5.56391,2.54601
5.61404,2.56429
5.66416,2.7937
5.71429,2.96633
5.76441,3.05283
5.81454,3.34154
5.86466,3.44505
5.91479,3.79308
5.96491,3.94022
6.01504,4.1483
6.06516,4.31589
6.11529,4.58005
6.16541,4.65893
6.21554,4.95865
6.26566,5.30805
6.31579,5.33619
6.36591,5.79728
6.41604,5.80657
6.46617,6.21512
6.51629,6.28485
6.56642,6.60033
6.61654,6.71971
6.66667,6.7414
6.71679,7.10163
6.76692,7.23513
6.81704,7.21205
6.86717,7.27127
6.91729,7.33378
6.96742,7.29887
7.01754,7.47169
7.06767,7.32387
7.11779,7.32351
7.16792,7.20175
7.21805,7.13082
7.26817,6.97348
7.3183,7.05138
7.36842,6.79538
7.41855,6.72528
7.46867,6.47452
7.5188,6.2304
7.56892,6.06133
7.61905,5.83517
7.66917,5.6662
7.7193,5.41619
7.76942,5.19989
7.81955,4.8902
7.86967,4.71326
7.9198,4.68985
7.96992,4.28749
8.02005,4.04586
8.07018,3.95274
8.1203,3.84151
8.17043,3.4243
8.22055,3.34488
8.27068,3.14172
8.3208,2.89231
8.37093,2.94333
8.42105,2.74455
8.47118,2.62455
8.5213,2.44145
8.57143,2.43097
8.62155,2.25423
8.67168,2.19819
8.7218,2.04221
8.77193,1.96335
8.82206,2.10526
8.87218,1.90309
8.92231,1.91915
8.97243,1.85166
9.02256,1.78346
9.07268,1.74784
9.12281,1.81344
9.17293,1.7178
9.22306,1.71266
9.27318,1.71289
9.32331,1.7947
9.37343,1.74726
9.42356,1.71813
9.47368,1.63933
9.52381,1.57268
9.57393,1.75973
9.62406,1.76313
9.67419,1.67796
9.72431,1.73717
9.77444,1.76204
9.82456,1.77271
9.87469,1.78752
9.92481,1.68581
9.97494,1.85272
10.0251,1.64182
10.0752,1.82126
10.1253,1.80337
10.1754,1.84602
10.2256,1.9395
10.2757,1.92178
10.3258,1.72608
10.3759,1.69815
10.4261,1.91507
10.4762,1.78598
10.5263,1.88473
10.5764,1.97259
10.6266,1.79486
10.6767,1.77988
10.7268,1.99322
10.7769,2.00146
10.8271,2.00546
10.8772,2.05739
10.9273,2.01682
10.9774,1.99831
11.0276,2.14244
11.0777,2.11734
11.1278,2.10614
11.1779,2.32422
11.2281,2.32901
11.2782,2.42107
11.3283,2.369
11.3784,2.46065
11.4286,2.50472
11.4787,2.59197
11.5288,2.7645
11.5789,2.78076
11.6291,2.97594
11.6792,3.08919
11.7293,3.35013
11.7794,3.21538
11.8296,3.55002
11.8797,3.63831
11.9298,3.82554
11.9799,3.90649
12.0301,4.19522
12.0802,4.51277
12.1303,4.67625
12.1805,4.92182
12.2306,5.12023
12.2807,5.45038
12.3308,5.5464
12.381,5.52639
12.4311,5.75505
12.4812,5.70653
12.5313,5.59904
12.5815,5.75399
12.6316,5.78765
12.6817,5.52545
12.7318,5.23561
12.782,5.04028
12.8321,4.98096
12.8822,4.67578
12.9323,4.44413
12.9825,4.22241
13.0326,4.02851
13.0827,3.90268
13.1328,3.70997
13.183,3.52518
13.2331,3.28078
13.2832,3.27467
13.3333,3.06092
13.3835,3.09635
13.4336,2.81059
13.4837,2.81397
13.5338,2.74544
13.584,2.56861
13.6341,2.74762
13.6842,2.668
13.7343,2.46079
13.7845,2.51116
13.8346,2.43562
13.8847,2.15603
13.9348,2.34846
13.985,2.28998
14.0351,2.27086
14.0852,2.14994
14.1353,2.18875
14.1855,2.17236
14.2356,2.2599
14.2857,2.17158
14.3358,2.12594
14.386,2.2317
14.4361,2.04927
14.4862,2.04806
14.5363,1.9205
14.5865,2.17901
14.6366,2.11921
14.6867,2.10484
14.7368,2.07522
14.787,2.02147
14.8371,2.02153
14.8872,1.97638
14.9373,1.97308
14.9875,1.98707
15.0376,2.09754
15.0877,2.01537
15.1378,1.96099
15.188,1.91448
15.2381,1.90556
15.2882,2.08046
15.3383,1.98899
15.3885,1.95038
15.4386,1.91409
15.4887,1.85013
15.5388,1.93084
15.589,2.00365
15.6391,1.90014
15.6892,1.91136
15.7393,1.91006
15.7895,1.9349
15.8396,1.79725
15.8897,1.90459
15.9398,1.85395
15.99,1.99211
16.0401,1.85887
16.0902,1.96599
16.1404,2.04122
16.1905,1.89373
16.2406,1.87036
16.2907,1.93358
16.3409,1.91798
16.391,1.83863
16.4411,1.95507
16.4912,2.0796
16.5414,1.89795
16.5915,1.90269
16.6416,1.83573
16.6917,1.94532
16.7419,1.82058
16.792,1.8324
16.8421,2.024
16.8922,1.84992
16.9424,2.00966
16.9925,2.04595
17.0426,1.94565
17.0927,1.97013
17.1429,2.08304
17.193,1.91217
17.2431,1.88156
17.2932,1.82188
17.3434,1.93465
17.3935,2.05087
17.4436,2.01056
17.4937,1.85972
17.5439,1.86798
17.594,1.89744
17.6441,1.96255
17.6942,1.92417
17.7444,1.95921
17.7945,1.96728
17.8446,1.92115
17.8947,1.94338
17.9449,1.96469
17.995,1.94304
18.0451,1.99165
18.0952,2.10268
18.1454,2.00203
18.1955,1.96082
18.2456,1.82317
18.2957,1.99083
18.3459,1.8058
18.396,1.85058
18.4461,2.03346
18.4962,2.02338
18.5464,1.95671
18.5965,1.83374
18.6466,1.94268
18.6967,1.91996
18.7469,2.02709
18.797,2.15865
18.8471,1.9973
18.8972,1.91953
18.9474,1.89016
18.9975,1.98127
19.0476,1.97358
19.0977,1.89758
19.1479,2.00099
19.198,1.90161
19.2481,2.08466
19.2982,2.08273
19.3484,2.08653
19.3985,1.96387
19.4486,2.045
19.4987,1.99534
19.5489,1.97687
19.599,1.98292
19.6491,1.90816
19.6992,1.89873
19.7494,2.07989
19.7995,2.00316
19.8496,2.03789
19.8997,2.10285
19.9499,1.88619
20,1.96426
